iter	RMSE
0	7715.155071
1	5795.538382
2	5274.06519
3	4694.935135
4	4414.520103
